IID	FID	pericarp_color
12.2_001	12.2_001	4
12.2_002	12.2_002	4
12.2_003	12.2_003	2
12.2_004	12.2_004	4
12.2_006	12.2_006	2
12.2_007	12.2_007	4
12.2_008	12.2_008	4
12.2_009	12.2_009	1
12.2_010	12.2_010	1
12.2_011	12.2_011	4
12.2_013	12.2_013	4
12.2_014	12.2_014	4
12.2_015	12.2_015	4
12.2_016	12.2_016	4
12.2_017	12.2_017	4
12.2_018	12.2_018	4
12.2_019	12.2_019	4
12.2_021	12.2_021	4
12.2_022	12.2_022	4
12.2_023	12.2_023	4
12.2_024	12.2_024	4
12.2_026	12.2_026	4
12.2_028	12.2_028	4
12.2_029	12.2_029	4
12.2_030	12.2_030	4
12.2_031	12.2_031	4
12.2_032	12.2_032	4
12.2_033	12.2_033	4
12.2_035	12.2_035	4
12.2_036	12.2_036	4
12.2_043	12.2_043	4
12.2_046	12.2_046	4
12.2_047	12.2_047	4
12.2_049	12.2_049	4
12.2_050	12.2_050	4
12.2_051	12.2_051	4
12.2_052	12.2_052	4
12.2_053	12.2_053	4
12.2_054	12.2_054	4
12.2_055	12.2_055	4
12.2_056	12.2_056	4
12.2_057	12.2_057	4
12.2_058	12.2_058	4
12.2_059	12.2_059	4
12.2_060	12.2_060	4
12.2_061	12.2_061	1
12.2_063	12.2_063	1
12.2_064	12.2_064	3
12.2_067	12.2_067	3
12.2_068	12.2_068	2
12.2_069	12.2_069	1
12.2_071	12.2_071	2
12.2_072	12.2_072	3
12.2_073	12.2_073	1
12.2_074	12.2_074	1
12.2_075	12.2_075	3
12.2_076	12.2_076	3
12.2_078	12.2_078	1
12.2_079	12.2_079	3
12.2_080	12.2_080	3
12.2_081	12.2_081	1
12.2_082	12.2_082	2
12.2_083	12.2_083	1
12.2_085	12.2_085	1
12.2_086	12.2_086	4
12.2_088	12.2_088	4
12.2_091	12.2_091	4
12.2_092	12.2_092	2
12.2_093	12.2_093	2
12.2_094	12.2_094	1
12.2_095	12.2_095	1
12.2_096	12.2_096	3
12.2_097	12.2_097	1
12.2_098	12.2_098	2
12.2_099	12.2_099	1
12.2_100	12.2_100	4
12.2_101	12.2_101	1
12.2_102	12.2_102	3
12.2_103	12.2_103	1
12.2_104	12.2_104	2
12.2_105	12.2_105	2
12.2_106	12.2_106	3
12.2_108	12.2_108	1
12.2_109	12.2_109	3
12.2_110	12.2_110	1
12.2_111	12.2_111	1
12.2_112	12.2_112	1
12.2_113	12.2_113	3
12.2_114	12.2_114	1
12.2_115	12.2_115	1
12.2_116	12.2_116	3
12.2_117	12.2_117	3
12.2_118	12.2_118	2
12.2_119	12.2_119	1
12.2_120	12.2_120	3
12.2_121	12.2_121	3
12.2_123	12.2_123	3
12.2_124	12.2_124	3
12.2_128	12.2_128	3
12.2_130	12.2_130	1
12.2_131	12.2_131	3
12.2_132	12.2_132	1
12.2_133	12.2_133	3
12.2_134	12.2_134	2
12.2_135	12.2_135	1
12.2_136	12.2_136	1
12.2_137	12.2_137	3
12.2_138	12.2_138	1
12.2_139	12.2_139	3
12.2_140	12.2_140	2
12.2_141	12.2_141	3
12.2_142	12.2_142	1
12.2_143	12.2_143	2
12.2_144	12.2_144	2
12.2_145	12.2_145	3
12.2_147	12.2_147	3
12.2_148	12.2_148	3
12.2_149	12.2_149	3
12.2_150	12.2_150	3
12.2_151	12.2_151	1
12.2_152	12.2_152	3
12.2_153	12.2_153	3
12.2_155	12.2_155	4
12.2_158	12.2_158	3
12.2_159	12.2_159	1
12.2_160	12.2_160	3
12.2_163	12.2_163	3
12.2_164	12.2_164	3
12.2_165	12.2_165	3
12.2_166	12.2_166	3
12.2_167	12.2_167	1
12.2_168	12.2_168	3
12.2_169	12.2_169	3
12.2_170	12.2_170	3
12.2_171	12.2_171	3
12.2_172	12.2_172	1
12.2_174	12.2_174	1
12.2_175	12.2_175	3
12.2_176	12.2_176	3
12.2_177	12.2_177	3
12.2_178	12.2_178	1
12.2_179	12.2_179	4
12.2_180	12.2_180	3
12.2_181	12.2_181	3
12.2_182	12.2_182	3
12.2_183	12.2_183	1
12.2_184	12.2_184	3
12.2_185	12.2_185	3
12.2_186	12.2_186	2
12.2_187	12.2_187	1
12.2_188	12.2_188	1
12.2_189	12.2_189	3
12.2_190	12.2_190	3
12.2_191	12.2_191	3
12.2_192	12.2_192	3
12.2_193	12.2_193	3
12.2_194	12.2_194	3
12.2_195	12.2_195	1
12.2_197	12.2_197	1
12.2_198	12.2_198	3
12.2_199	12.2_199	3
12.2_200	12.2_200	3
12.2_201	12.2_201	1
12.2_205	12.2_205	3
12.2_208	12.2_208	3
12.2_209	12.2_209	3
12.2_210	12.2_210	3
12.2_212	12.2_212	3
12.2_213	12.2_213	3
12.2_215	12.2_215	3
12.2_216	12.2_216	1
12.2_217	12.2_217	3
12.2_218	12.2_218	3
12.2_219	12.2_219	3
12.2_220	12.2_220	2
12.2_221	12.2_221	3
12.2_222	12.2_222	3
12.2_224	12.2_224	3
12.2_225	12.2_225	3
12.2_226	12.2_226	3
12.2_227	12.2_227	3
12.2_228	12.2_228	3
12.2_229	12.2_229	3
12.2_230	12.2_230	3
12.2_231	12.2_231	3
12.2_232	12.2_232	1
12.2_233	12.2_233	3
12.2_235	12.2_235	2
12.2_238	12.2_238	4
12.2_243	12.2_243	3
12.2_244	12.2_244	3
12.2_247	12.2_247	3
12.2_248	12.2_248	3
12.2_249	12.2_249	3
12.2_250	12.2_250	3
14.1_001	14.1_001	1
14.1_002	14.1_002	4
14.1_004	14.1_004	3
14.1_005	14.1_005	2
14.1_006	14.1_006	2
14.1_007	14.1_007	2
14.1_008	14.1_008	1
14.1_009	14.1_009	3
14.1_010	14.1_010	3
14.1_011	14.1_011	2
14.1_013	14.1_013	3
14.1_014	14.1_014	3
14.1_015	14.1_015	2
14.1_016	14.1_016	1
14.1_017	14.1_017	3
14.1_018	14.1_018	3
14.1_019	14.1_019	3
14.1_020	14.1_020	4
14.1_021	14.1_021	3
14.1_022	14.1_022	3
14.1_023	14.1_023	3
14.1_024	14.1_024	1
14.1_025	14.1_025	3
14.1_026	14.1_026	3
14.1_027	14.1_027	4
14.1_028	14.1_028	3
14.1_029	14.1_029	3
14.1_030	14.1_030	3
14.1_031	14.1_031	1
14.1_032	14.1_032	3
14.1_033	14.1_033	3
14.1_034	14.1_034	1
14.1_035	14.1_035	3
14.1_036	14.1_036	3
14.1_037	14.1_037	3
14.1_038	14.1_038	3
14.1_040	14.1_040	3
14.1_041	14.1_041	2
14.1_042	14.1_042	3
14.1_043	14.1_043	2
14.1_044	14.1_044	1
14.1_045	14.1_045	3
14.1_046	14.1_046	3
14.1_047	14.1_047	2
14.1_048	14.1_048	3
14.1_049	14.1_049	2
14.1_050	14.1_050	3
14.1_051	14.1_051	3
14.1_053	14.1_053	3
14.1_054	14.1_054	1
14.1_055	14.1_055	3
14.1_056	14.1_056	1
14.1_057	14.1_057	3
14.1_058	14.1_058	3
14.1_059	14.1_059	3
14.1_060	14.1_060	3
14.1_061	14.1_061	3
14.1_062	14.1_062	3
14.1_063	14.1_063	3
14.1_065	14.1_065	3
14.1_066	14.1_066	3
14.1_067	14.1_067	2
14.1_068	14.1_068	2
14.1_069	14.1_069	1
14.1_070	14.1_070	3
14.1_071	14.1_071	1
14.1_072	14.1_072	3
14.1_074	14.1_074	1
14.1_075	14.1_075	3
14.1_076	14.1_076	1
14.1_078	14.1_078	3
14.1_081	14.1_081	3
14.1_082	14.1_082	3
14.1_083	14.1_083	3
14.1_084	14.1_084	1
14.1_085	14.1_085	1
14.1_086	14.1_086	1
14.1_087	14.1_087	1
14.1_088	14.1_088	1
14.1_089	14.1_089	1
14.1_090	14.1_090	1
14.1_091	14.1_091	1
14.1_092	14.1_092	1
14.1_095	14.1_095	1
14.1_096	14.1_096	1
14.1_098	14.1_098	2
14.1_099	14.1_099	3
14.1_100	14.1_100	2
14.1_101	14.1_101	1
14.1_102	14.1_102	3
14.1_105	14.1_105	3
14.1_106	14.1_106	1
14.1_107	14.1_107	3
14.1_108	14.1_108	3
14.1_109	14.1_109	3
14.1_110	14.1_110	3
14.1_111	14.1_111	3
14.1_112	14.1_112	3
14.1_113	14.1_113	3
14.1_114	14.1_114	3
14.1_115	14.1_115	3
14.1_116	14.1_116	3
14.1_117	14.1_117	3
14.1_118	14.1_118	1
14.1_119	14.1_119	3
14.1_120	14.1_120	1
14.1_121	14.1_121	2
14.1_122	14.1_122	3
14.1_123	14.1_123	3
14.1_124	14.1_124	3
14.1_125	14.1_125	3
14.1_126	14.1_126	3
14.1_127	14.1_127	3
14.1_128	14.1_128	3
14.1_129	14.1_129	3
14.1_130	14.1_130	3
14.1_131	14.1_131	3
14.1_132	14.1_132	3
14.1_133	14.1_133	3
14.1_134	14.1_134	3
14.1_135	14.1_135	3
14.1_136	14.1_136	1
14.1_137	14.1_137	3
14.1_138	14.1_138	3
14.1_139	14.1_139	3
14.1_141	14.1_141	3
14.1_142	14.1_142	2
14.1_143	14.1_143	3
14.1_144	14.1_144	1
14.1_145	14.1_145	3
14.1_147	14.1_147	3
14.1_148	14.1_148	3
14.1_149	14.1_149	1
14.1_150	14.1_150	3
14.1_151	14.1_151	3
14.1_152	14.1_152	3
14.1_153	14.1_153	3
14.1_155	14.1_155	1
14.1_156	14.1_156	1
14.1_157	14.1_157	1
14.1_158	14.1_158	3
14.1_159	14.1_159	3
14.1_160	14.1_160	3
14.1_162	14.1_162	3
14.1_163	14.1_163	3
14.1_164	14.1_164	3
14.1_165	14.1_165	3
14.1_167	14.1_167	1
14.1_169	14.1_169	1
14.1_170	14.1_170	3
14.1_171	14.1_171	2
14.1_172	14.1_172	2
14.1_174	14.1_174	2
14.1_175	14.1_175	3
14.1_176	14.1_176	1
14.1_177	14.1_177	1
14.1_178	14.1_178	2
14.1_179	14.1_179	3
14.1_180	14.1_180	2
14.1_181	14.1_181	3
14.1_182	14.1_182	3
14.1_183	14.1_183	1
14.1_184	14.1_184	3
14.1_185	14.1_185	3
14.1_186	14.1_186	3
14.1_187	14.1_187	3
14.1_188	14.1_188	3
14.1_189	14.1_189	1
14.1_190	14.1_190	2
14.1_191	14.1_191	1
14.1_193	14.1_193	1
14.1_194	14.1_194	1
14.1_196	14.1_196	1
14.1_197	14.1_197	1
14.1_198	14.1_198	1
14.1_199	14.1_199	1
14.1_200	14.1_200	1
14.1_201	14.1_201	2
14.1_203	14.1_203	1
14.1_204	14.1_204	1
14.1_205	14.1_205	2
14.1_206	14.1_206	3
14.1_207	14.1_207	1
14.1_209	14.1_209	3
14.1_210	14.1_210	3
14.1_211	14.1_211	3
14.1_212	14.1_212	3
14.1_214	14.1_214	3
14.1_215	14.1_215	3
14.1_216	14.1_216	3
14.1_217	14.1_217	1
14.1_218	14.1_218	3
14.1_219	14.1_219	1
14.1_220	14.1_220	1
14.1_221	14.1_221	1
14.1_222	14.1_222	3
14.1_223	14.1_223	3
14.1_224	14.1_224	1
14.1_225	14.1_225	1
14.1_227	14.1_227	1
14.1_228	14.1_228	2
14.1_229	14.1_229	3
14.1_230	14.1_230	2
14.1_231	14.1_231	1
14.1_232	14.1_232	3
14.1_233	14.1_233	2
14.1_234	14.1_234	3
14.1_235	14.1_235	1
14.1_236	14.1_236	3
14.1_237	14.1_237	3
14.1_238	14.1_238	1
14.1_239	14.1_239	1
14.1_240	14.1_240	3
14.1_241	14.1_241	3
14.1_242	14.1_242	3
14.1_243	14.1_243	1
14.1_244	14.1_244	3
14.1_245	14.1_245	3
14.1_246	14.1_246	1
14.1_247	14.1_247	3
14.1_248	14.1_248	1
14.1_249	14.1_249	3
14.1_250	14.1_250	3
15.2_001	15.2_001	3
15.2_002	15.2_002	3
15.2_004	15.2_004	1
15.2_005	15.2_005	3
15.2_006	15.2_006	3
15.2_007	15.2_007	3
15.2_008	15.2_008	2
15.2_011	15.2_011	3
15.2_014	15.2_014	3
15.2_015	15.2_015	3
15.2_017	15.2_017	3
15.2_018	15.2_018	3
15.2_020	15.2_020	3
15.2_021	15.2_021	1
15.2_022	15.2_022	2
15.2_023	15.2_023	1
15.2_024	15.2_024	2
15.2_025	15.2_025	2
15.2_026	15.2_026	2
15.2_027	15.2_027	2
15.2_028	15.2_028	2
15.2_030	15.2_030	2
15.2_033	15.2_033	3
15.2_034	15.2_034	1
15.2_035	15.2_035	3
15.2_036	15.2_036	2
15.2_038	15.2_038	3
15.2_039	15.2_039	3
15.2_040	15.2_040	3
15.2_041	15.2_041	1
15.2_043	15.2_043	2
15.2_044	15.2_044	1
15.2_045	15.2_045	2
15.2_046	15.2_046	2
15.2_047	15.2_047	3
15.2_048	15.2_048	1
15.2_049	15.2_049	2
15.2_050	15.2_050	2
15.2_051	15.2_051	2
15.2_052	15.2_052	2
15.2_053	15.2_053	2
15.2_054	15.2_054	2
15.2_055	15.2_055	2
15.2_057	15.2_057	3
15.2_062	15.2_062	3
15.2_063	15.2_063	3
15.2_064	15.2_064	3
15.2_065	15.2_065	3
15.2_066	15.2_066	2
15.2_067	15.2_067	2
15.2_069	15.2_069	2
15.2_070	15.2_070	3
15.2_071	15.2_071	3
15.2_072	15.2_072	1
15.2_073	15.2_073	3
15.2_074	15.2_074	1
15.2_075	15.2_075	3
15.2_076	15.2_076	3
15.2_077	15.2_077	1
15.2_078	15.2_078	2
15.2_079	15.2_079	3
15.2_080	15.2_080	3
15.2_081	15.2_081	2
15.2_082	15.2_082	2
15.2_083	15.2_083	2
15.2_084	15.2_084	1
15.2_085	15.2_085	1
15.2_086	15.2_086	3
15.2_087	15.2_087	3
15.2_088	15.2_088	1
15.2_089	15.2_089	3
15.2_090	15.2_090	2
15.2_091	15.2_091	3
15.2_092	15.2_092	3
15.2_093	15.2_093	1
15.2_094	15.2_094	2
15.2_095	15.2_095	2
15.2_096	15.2_096	1
15.2_097	15.2_097	1
15.2_098	15.2_098	3
15.2_099	15.2_099	2
15.2_100	15.2_100	3
15.2_101	15.2_101	3
15.2_102	15.2_102	1
15.2_103	15.2_103	3
15.2_104	15.2_104	1
15.2_105	15.2_105	3
15.2_106	15.2_106	1
15.2_107	15.2_107	3
15.2_109	15.2_109	3
15.2_110	15.2_110	2
15.2_111	15.2_111	2
15.2_112	15.2_112	2
15.2_113	15.2_113	2
15.2_114	15.2_114	2
15.2_115	15.2_115	2
15.2_116	15.2_116	2
15.2_118	15.2_118	2
15.2_119	15.2_119	2
15.2_120	15.2_120	1
15.2_121	15.2_121	3
15.2_122	15.2_122	1
15.2_123	15.2_123	2
15.2_124	15.2_124	2
15.2_125	15.2_125	2
15.2_126	15.2_126	3
15.2_128	15.2_128	3
15.2_129	15.2_129	2
15.2_130	15.2_130	1
15.2_131	15.2_131	2
15.2_133	15.2_133	3
15.2_136	15.2_136	2
15.2_137	15.2_137	2
15.2_139	15.2_139	3
15.2_140	15.2_140	2
15.2_141	15.2_141	2
15.2_142	15.2_142	2
15.2_143	15.2_143	3
15.2_144	15.2_144	3
15.2_146	15.2_146	3
15.2_147	15.2_147	2
15.2_148	15.2_148	1
15.2_149	15.2_149	2
15.2_150	15.2_150	2
15.2_151	15.2_151	2
15.2_152	15.2_152	2
15.2_153	15.2_153	3
15.2_154	15.2_154	2
15.2_155	15.2_155	3
15.2_156	15.2_156	1
15.2_157	15.2_157	3
15.2_158	15.2_158	3
15.2_159	15.2_159	2
15.2_160	15.2_160	2
15.2_161	15.2_161	2
15.2_162	15.2_162	3
15.2_163	15.2_163	2
15.2_164	15.2_164	2
15.2_165	15.2_165	3
15.2_166	15.2_166	3
15.2_167	15.2_167	2
15.2_168	15.2_168	3
15.2_169	15.2_169	3
15.2_171	15.2_171	3
15.2_172	15.2_172	2
15.2_174	15.2_174	3
15.2_181	15.2_181	3
15.2_184	15.2_184	2
15.2_187	15.2_187	3
15.2_188	15.2_188	2
15.2_190	15.2_190	2
15.2_191	15.2_191	3
15.2_194	15.2_194	1
15.2_196	15.2_196	2
15.2_197	15.2_197	3
15.2_198	15.2_198	3
15.2_199	15.2_199	4
15.2_200	15.2_200	4
15.2_201	15.2_201	2
15.2_203	15.2_203	2
15.2_204	15.2_204	3
15.2_205	15.2_205	2
15.2_206	15.2_206	3
15.2_210	15.2_210	3
15.2_211	15.2_211	2
15.2_212	15.2_212	3
15.2_213	15.2_213	2
15.2_214	15.2_214	2
15.2_216	15.2_216	3
15.2_217	15.2_217	2
15.2_218	15.2_218	2
15.2_219	15.2_219	3
15.2_220	15.2_220	2
15.2_221	15.2_221	2
15.2_222	15.2_222	2
15.2_223	15.2_223	3
15.2_224	15.2_224	3
15.2_228	15.2_228	3
15.2_229	15.2_229	2
15.2_230	15.2_230	3
15.2_231	15.2_231	2
15.2_232	15.2_232	2
15.2_233	15.2_233	1
15.2_234	15.2_234	2
15.2_236	15.2_236	2
15.2_237	15.2_237	1
15.2_238	15.2_238	2
15.2_239	15.2_239	2
15.2_240	15.2_240	2
15.2_242	15.2_242	2
15.2_244	15.2_244	2
15.2_245	15.2_245	2
15.2_246	15.2_246	1
15.2_247	15.2_247	2
15.2_248	15.2_248	1
15.2_250	15.2_250	2
15.2_251	15.2_251	4
15.2_252	15.2_252	2
15.2_253	15.2_253	2
15.2_254	15.2_254	1
15.2_255	15.2_255	2
15.2_256	15.2_256	1
15.2_257	15.2_257	3
15.2_261	15.2_261	2
15.2_263	15.2_263	3
15.2_264	15.2_264	1
15.2_266	15.2_266	2
15.2_267	15.2_267	3
15.2_269	15.2_269	3
15.2_270	15.2_270	2
15.2_272	15.2_272	3
15.2_274	15.2_274	3
15.2_275	15.2_275	3
15.2_276	15.2_276	3
15.2_277	15.2_277	3
15.2_278	15.2_278	2
15.2_279	15.2_279	3
15.2_280	15.2_280	3
15.2_282	15.2_282	2
15.2_283	15.2_283	1
15.2_284	15.2_284	2
15.2_285	15.2_285	3
15.2_286	15.2_286	3
15.2_289	15.2_289	3
15.2_290	15.2_290	2
15.2_292	15.2_292	2
15.2_294	15.2_294	2
15.2_295	15.2_295	1
15.2_296	15.2_296	3
15.2_297	15.2_297	2
15.2_298	15.2_298	2
15.2_299	15.2_299	3
15.2_301	15.2_301	1
15.2_302	15.2_302	3
15.2_303	15.2_303	2
15.2_305	15.2_305	3
15.2_306	15.2_306	2
15.2_307	15.2_307	3
15.2_308	15.2_308	2
15.2_309	15.2_309	3
15.2_311	15.2_311	3
15.2_312	15.2_312	3
15.2_314	15.2_314	2
15.2_316	15.2_316	3
15.2_319	15.2_319	1
15.2_321	15.2_321	2
15.2_322	15.2_322	3
15.2_323	15.2_323	2
15.2_325	15.2_325	3
15.2_326	15.2_326	3
15.2_331	15.2_331	1
15.2_332	15.2_332	1
15.2_333	15.2_333	3
15.2_334	15.2_334	2
15.2_335	15.2_335	1
15.2_336	15.2_336	3
15.2_338	15.2_338	1
15.2_340	15.2_340	2
15.2_341	15.2_341	2
15.2_342	15.2_342	3
15.2_343	15.2_343	2
15.2_344	15.2_344	3
15.2_345	15.2_345	2
15.2_346	15.2_346	3
15.2_349	15.2_349	1
15.2_350	15.2_350	3
15.2_351	15.2_351	1
15.2_352	15.2_352	3
15.2_353	15.2_353	3
15.2_354	15.2_354	3
15.2_355	15.2_355	2
15.2_356	15.2_356	2
15.2_359	15.2_359	1
15.2_361	15.2_361	3
15.2_362	15.2_362	3
15.2_363	15.2_363	3
15.2_364	15.2_364	2
15.2_365	15.2_365	2
15.2_368	15.2_368	3
23.1_001	23.1_001	1
23.1_003	23.1_003	2
23.1_004	23.1_004	1
23.1_005	23.1_005	1
23.1_006	23.1_006	2
23.1_007	23.1_007	2
23.1_008	23.1_008	1
23.1_009	23.1_009	2
23.1_010	23.1_010	2
23.1_011	23.1_011	2
23.1_012	23.1_012	2
23.1_013	23.1_013	1
23.1_018	23.1_018	2
23.1_019	23.1_019	1
23.1_020	23.1_020	2
23.1_021	23.1_021	1
23.1_022	23.1_022	2
23.1_027	23.1_027	2
23.1_029	23.1_029	4
23.1_031	23.1_031	2
23.1_037	23.1_037	2
23.1_038	23.1_038	2
23.1_039	23.1_039	2
23.1_040	23.1_040	4
23.1_041	23.1_041	1
23.1_042	23.1_042	2
23.1_043	23.1_043	2
23.1_044	23.1_044	2
23.1_045	23.1_045	4
23.1_049	23.1_049	1
23.1_050	23.1_050	2
23.1_051	23.1_051	2
23.1_053	23.1_053	2
23.1_054	23.1_054	3
23.1_055	23.1_055	1
23.1_056	23.1_056	2
23.1_057	23.1_057	4
23.1_058	23.1_058	2
23.1_059	23.1_059	2
23.1_060	23.1_060	1
23.1_061	23.1_061	2
23.1_063	23.1_063	2
23.1_065	23.1_065	2
23.1_066_2	23.1_066_2	2
23.1_067_1	23.1_067_1	2
23.1_068	23.1_068	2
23.1_069	23.1_069	2
23.1_071	23.1_071	2
23.1_072	23.1_072	2
23.1_074	23.1_074	2
23.1_075	23.1_075	2
23.1_076	23.1_076	4
23.1_084	23.1_084	2
23.1_085	23.1_085	3
23.1_086	23.1_086	1
23.1_087	23.1_087	1
23.1_088	23.1_088	2
23.1_089	23.1_089	3
23.1_090	23.1_090	2
23.1_091	23.1_091	1
23.1_093	23.1_093	2
23.1_096	23.1_096	2
23.1_097	23.1_097	1
23.1_099	23.1_099	2
23.1_100	23.1_100	1
23.1_101	23.1_101	2
23.1_102	23.1_102	2
23.1_103	23.1_103	2
23.1_104	23.1_104	2
23.1_105	23.1_105	2
23.1_106	23.1_106	2
23.1_107	23.1_107	2
23.1_110	23.1_110	3
23.1_112	23.1_112	1
23.1_114	23.1_114	2
23.1_115	23.1_115	2
23.1_116	23.1_116	2
23.1_117	23.1_117	2
23.1_118	23.1_118	1
23.1_119	23.1_119	2
23.1_120	23.1_120	2
23.1_121	23.1_121	2
23.1_122	23.1_122	2
23.1_123	23.1_123	2
23.1_124	23.1_124	2
23.1_125	23.1_125	2
23.1_128	23.1_128	2
23.1_135	23.1_135	3
23.1_136	23.1_136	2
23.1_138	23.1_138	4
23.1_143	23.1_143	2
23.1_148	23.1_148	2
23.1_155	23.1_155	2
23.1_156	23.1_156	2
23.1_163	23.1_163	2
23.1_164	23.1_164	2
23.1_165	23.1_165	2
23.1_166	23.1_166	1
23.1_167	23.1_167	2
23.1_168	23.1_168	1
23.1_169	23.1_169	4
23.1_172	23.1_172	4
23.1_173	23.1_173	2
23.1_174	23.1_174	2
23.1_175	23.1_175	1
23.1_176	23.1_176	2
23.1_180	23.1_180	2
23.1_181	23.1_181	1
23.1_182	23.1_182	2
23.1_183	23.1_183	2
23.1_185	23.1_185	3
23.1_186	23.1_186	2
23.1_187	23.1_187	1
23.1_190	23.1_190	2
23.1_191	23.1_191	2
23.1_192	23.1_192	1
23.1_193	23.1_193	1
23.1_194	23.1_194	2
23.1_196	23.1_196	2
23.1_198	23.1_198	2
23.1_199	23.1_199	1
23.1_200	23.1_200	2
23.1_201	23.1_201	2
23.1_202	23.1_202	2
23.1_204	23.1_204	2
23.1_205	23.1_205	3
23.1_208	23.1_208	3
23.1_209	23.1_209	2
23.1_210	23.1_210	4
23.1_215	23.1_215	3
23.1_217	23.1_217	3
23.1_221	23.1_221	2
23.1_222	23.1_222	2
23.1_223	23.1_223	2
23.1_224	23.1_224	3
23.1_226	23.1_226	2
23.1_228	23.1_228	2
23.1_229	23.1_229	2
23.1_230	23.1_230	2
23.1_231	23.1_231	1
23.1_232	23.1_232	2
23.1_233	23.1_233	3
23.1_234	23.1_234	2
23.1_235	23.1_235	2
23.1_239	23.1_239	2
23.1_240	23.1_240	2
23.1_242	23.1_242	1
23.1_243	23.1_243	1
23.1_244	23.1_244	2
23.1_247	23.1_247	2
23.1_248	23.1_248	2
23.1_250	23.1_250	4
23.1_251	23.1_251	3
23.1_252	23.1_252	1
23.1_258	23.1_258	1
23.1_259	23.1_259	2
23.1_260	23.1_260	2
23.1_262	23.1_262	2
23.1_264	23.1_264	3
23.1_265	23.1_265	2
23.1_266	23.1_266	2
23.1_267	23.1_267	2
23.1_268	23.1_268	2
23.1_269	23.1_269	2
23.1_270	23.1_270	1
23.1_271	23.1_271	2
23.1_272	23.1_272	2
23.1_273	23.1_273	2
23.1_276	23.1_276	1
23.1_278	23.1_278	2
23.1_282	23.1_282	2
23.1_285	23.1_285	1
23.1_286	23.1_286	2
23.1_287	23.1_287	2
23.1_290	23.1_290	2
23.1_294	23.1_294	2
23.1_298	23.1_298	2
23.1_299	23.1_299	2
23.1_301	23.1_301	2
23.1_302	23.1_302	1
23.1_305	23.1_305	1
23.1_307	23.1_307	2
23.1_308	23.1_308	1
23.1_309	23.1_309	1
23.1_310	23.1_310	1
23.1_312	23.1_312	3
23.1_316	23.1_316	2
23.1_327	23.1_327	2
23.1_337	23.1_337	2
23.1_343	23.1_343	2
23.1_345	23.1_345	2
23.1_347	23.1_347	1
23.1_356	23.1_356	2
23.1_363	23.1_363	1
23.1_366	23.1_366	1
23.1_369	23.1_369	1
23.1_373	23.1_373	2
23.1_375	23.1_375	2
23.1_381	23.1_381	1
23.1_383	23.1_383	2
23.1_386	23.1_386	2
23.1_387	23.1_387	2
23.1_389	23.1_389	1
23.1_391	23.1_391	3
23.1_397	23.1_397	3
23.1_399	23.1_399	3
23.1_401	23.1_401	2
23.1_402	23.1_402	2
23.1_405	23.1_405	2
23.1_406	23.1_406	4
23.1_410	23.1_410	4
23.1_411	23.1_411	4
23.1_413	23.1_413	3
23.1_414	23.1_414	3
23.1_415	23.1_415	3
23.1_417	23.1_417	2
23.1_421	23.1_421	2
23.1_422	23.1_422	2
23.1_426	23.1_426	2
23.1_427	23.1_427	2
23.1_428	23.1_428	4
23.1_430	23.1_430	2
23.1_431	23.1_431	2
23.1_432	23.1_432	4
23.1_435	23.1_435	2
23.1_436	23.1_436	2
23.1_442	23.1_442	4
23.1_445	23.1_445	3
27.5_001	27.5_001	2
27.5_002	27.5_002	3
27.5_005	27.5_005	3
27.5_006	27.5_006	2
27.5_008	27.5_008	2
27.5_009	27.5_009	3
27.5_011	27.5_011	3
27.5_013	27.5_013	3
27.5_014	27.5_014	3
27.5_015	27.5_015	2
27.5_016	27.5_016	3
27.5_018	27.5_018	2
27.5_019	27.5_019	3
27.5_020	27.5_020	2
27.5_021	27.5_021	2
27.5_022	27.5_022	3
27.5_023	27.5_023	3
27.5_024	27.5_024	2
27.5_026	27.5_026	3
27.5_029	27.5_029	3
27.5_030	27.5_030	2
27.5_034	27.5_034	3
27.5_035	27.5_035	2
27.5_036	27.5_036	2
27.5_037	27.5_037	2
27.5_038	27.5_038	2
27.5_039	27.5_039	3
27.5_040	27.5_040	4
27.5_041	27.5_041	2
27.5_042	27.5_042	2
27.5_043	27.5_043	3
27.5_044	27.5_044	3
27.5_045	27.5_045	3
27.5_046	27.5_046	2
27.5_048	27.5_048	3
27.5_049	27.5_049	2
27.5_050	27.5_050	1
27.5_051	27.5_051	2
27.5_052	27.5_052	2
27.5_054	27.5_054	2
27.5_055	27.5_055	2
27.5_056	27.5_056	2
27.5_058	27.5_058	2
27.5_062	27.5_062	3
27.5_065	27.5_065	3
27.5_066	27.5_066	3
27.5_067	27.5_067	3
27.5_068	27.5_068	2
27.5_069	27.5_069	2
27.5_070	27.5_070	2
27.5_071	27.5_071	3
27.5_072	27.5_072	2
27.5_086	27.5_086	3
27.5_088	27.5_088	2
27.5_090	27.5_090	2
27.5_091	27.5_091	3
27.5_092	27.5_092	3
27.5_093	27.5_093	3
27.5_094	27.5_094	3
27.5_095	27.5_095	2
27.5_096	27.5_096	2
27.5_097	27.5_097	2
27.5_098	27.5_098	3
27.5_099	27.5_099	2
27.5_100	27.5_100	2
27.5_101	27.5_101	3
27.5_102	27.5_102	3
27.5_103	27.5_103	3
27.5_104	27.5_104	3
27.5_105	27.5_105	3
27.5_106	27.5_106	3
27.5_107	27.5_107	2
27.5_109	27.5_109	2
27.5_113	27.5_113	2
27.5_114	27.5_114	2
27.5_115	27.5_115	3
27.5_116	27.5_116	2
27.5_117	27.5_117	1
27.5_118	27.5_118	3
27.5_119	27.5_119	3
27.5_120	27.5_120	3
27.5_121	27.5_121	2
27.5_122	27.5_122	2
27.5_124	27.5_124	3
27.5_125	27.5_125	3
27.5_126	27.5_126	3
27.5_129	27.5_129	3
27.5_130	27.5_130	3
27.5_132	27.5_132	3
27.5_133	27.5_133	3
27.5_134	27.5_134	3
27.5_136	27.5_136	3
27.5_137	27.5_137	3
27.5_144	27.5_144	2
27.5_145	27.5_145	2
27.5_147	27.5_147	3
27.5_149	27.5_149	3
27.5_150	27.5_150	3
27.5_151	27.5_151	3
27.5_157	27.5_157	3
27.5_160	27.5_160	2
27.5_161	27.5_161	3
27.5_162	27.5_162	2
27.5_164	27.5_164	3
27.5_165	27.5_165	3
27.5_166	27.5_166	3
27.5_167	27.5_167	3
27.5_168	27.5_168	4
27.5_169	27.5_169	2
27.5_172	27.5_172	3
27.5_173	27.5_173	3
27.5_174	27.5_174	3
27.5_175	27.5_175	2
27.5_177	27.5_177	3
27.5_178	27.5_178	1
27.5_179	27.5_179	3
27.5_191	27.5_191	3
27.5_192	27.5_192	3
27.5_193	27.5_193	3
27.5_195	27.5_195	3
27.5_196	27.5_196	2
27.5_197	27.5_197	2
27.5_198	27.5_198	3
27.5_199	27.5_199	3
27.5_201	27.5_201	3
27.5_202	27.5_202	2
27.5_203	27.5_203	2
27.5_204	27.5_204	2
27.5_205	27.5_205	3
27.5_206	27.5_206	3
27.5_207	27.5_207	1
27.5_208	27.5_208	2
27.5_210	27.5_210	2
27.5_211	27.5_211	3
27.5_213	27.5_213	3
27.5_214	27.5_214	2
27.5_228	27.5_228	3
27.5_230	27.5_230	2
27.5_231	27.5_231	2
27.5_232	27.5_232	2
27.5_233	27.5_233	4
27.5_234	27.5_234	3
27.5_235	27.5_235	2
27.5_236	27.5_236	2
27.5_238	27.5_238	2
27.5_239	27.5_239	3
27.5_240	27.5_240	2
27.5_241	27.5_241	3
27.5_242	27.5_242	3
27.5_246	27.5_246	2
27.5_249	27.5_249	1
27.5_251	27.5_251	2
27.5_253	27.5_253	3
27.5_254	27.5_254	1
27.5_255	27.5_255	3
27.5_256	27.5_256	3
27.5_257	27.5_257	2
27.5_258	27.5_258	2
27.5_260	27.5_260	1
27.5_263	27.5_263	3
27.5_265	27.5_265	2
27.5_266	27.5_266	1
27.5_267	27.5_267	3
27.5_269	27.5_269	2
27.5_270	27.5_270	3
27.5_271	27.5_271	1
27.5_272	27.5_272	3
27.5_273	27.5_273	3
27.5_274	27.5_274	2
27.5_275	27.5_275	2
27.5_276	27.5_276	3
27.5_277	27.5_277	1
27.5_278	27.5_278	3
27.5_279	27.5_279	1
27.5_280	27.5_280	3
27.5_281	27.5_281	1
27.5_282	27.5_282	2
27.5_283	27.5_283	1
27.5_284	27.5_284	2
27.5_285	27.5_285	1
27.5_286	27.5_286	2
27.5_287	27.5_287	4
27.5_288	27.5_288	2
27.5_290	27.5_290	3
27.5_292	27.5_292	2
27.5_293	27.5_293	3
27.5_294	27.5_294	4
27.5_295	27.5_295	2
27.5_296	27.5_296	1
27.5_297	27.5_297	2
27.5_298	27.5_298	3
27.5_299	27.5_299	3
27.5_300	27.5_300	1
27.5_301	27.5_301	3
27.5_302	27.5_302	1
27.5_303	27.5_303	2
27.5_304	27.5_304	3
27.5_305	27.5_305	1
27.5_307	27.5_307	3
27.5_308	27.5_308	3
27.5_310	27.5_310	2
27.5_312	27.5_312	1
27.5_313	27.5_313	3
27.5_314	27.5_314	2
27.5_315	27.5_315	3
27.5_316	27.5_316	3
27.5_335	27.5_335	2
27.5_337	27.5_337	3
27.5_338	27.5_338	3
27.5_339	27.5_339	3
27.5_340	27.5_340	1
27.5_341	27.5_341	2
27.5_342	27.5_342	2
27.5_343	27.5_343	3
27.5_345	27.5_345	3
27.5_348	27.5_348	2
27.5_349	27.5_349	2
27.5_353	27.5_353	3
27.5_354	27.5_354	2
27.5_355	27.5_355	2
27.5_356	27.5_356	3
27.5_358	27.5_358	2
27.5_360	27.5_360	2
27.5_361	27.5_361	3
27.5_362	27.5_362	2
27.5_363	27.5_363	2
27.5_364	27.5_364	2
27.5_366	27.5_366	3
27.5_367	27.5_367	1
27.5_370	27.5_370	3
27.5_372	27.5_372	3
27.5_373	27.5_373	3
27.5_374	27.5_374	3
27.5_375	27.5_375	2
27.5_376	27.5_376	2
27.5_377	27.5_377	1
27.5_378	27.5_378	3
3.6_002	3.6_002	2
3.6_003	3.6_003	2
3.6_006	3.6_006	2
3.6_008	3.6_008	2
3.6_009	3.6_009	2
3.6_011	3.6_011	2
3.6_012	3.6_012	2
3.6_013	3.6_013	2
3.6_014	3.6_014	2
3.6_015	3.6_015	2
3.6_016	3.6_016	2
3.6_017	3.6_017	2
3.6_018	3.6_018	1
3.6_020	3.6_020	1
3.6_021	3.6_021	1
3.6_022	3.6_022	1
3.6_023	3.6_023	1
3.6_024	3.6_024	2
3.6_025	3.6_025	2
3.6_026	3.6_026	2
3.6_027	3.6_027	2
3.6_028	3.6_028	2
3.6_029	3.6_029	1
3.6_030	3.6_030	1
3.6_031	3.6_031	2
3.6_033	3.6_033	1
3.6_034	3.6_034	2
3.6_035	3.6_035	2
3.6_037	3.6_037	2
3.6_038	3.6_038	2
3.6_039	3.6_039	1
3.6_040	3.6_040	1
3.6_041	3.6_041	1
3.6_042	3.6_042	2
3.6_043	3.6_043	1
3.6_044	3.6_044	2
3.6_045	3.6_045	2
3.6_046	3.6_046	2
3.6_047	3.6_047	2
3.6_048	3.6_048	2
3.6_049	3.6_049	2
3.6_050	3.6_050	2
3.6_052	3.6_052	2
3.6_053	3.6_053	2
3.6_054	3.6_054	2
3.6_055	3.6_055	1
3.6_056	3.6_056	1
3.6_057	3.6_057	2
3.6_058	3.6_058	1
3.6_059	3.6_059	1
3.6_060	3.6_060	2
3.6_061	3.6_061	2
3.6_062	3.6_062	1
3.6_063	3.6_063	1
3.6_064	3.6_064	1
3.6_065	3.6_065	1
3.6_066	3.6_066	1
3.6_067	3.6_067	1
3.6_069	3.6_069	2
3.6_070	3.6_070	2
3.6_071	3.6_071	2
3.6_072	3.6_072	1
3.6_074	3.6_074	2
3.6_075	3.6_075	1
3.6_076	3.6_076	2
3.6_077	3.6_077	2
3.6_078	3.6_078	1
3.6_079	3.6_079	1
3.6_080	3.6_080	1
3.6_082	3.6_082	1
3.6_083	3.6_083	1
3.6_086	3.6_086	2
3.6_088	3.6_088	2
3.6_089	3.6_089	2
3.6_090	3.6_090	2
3.6_091	3.6_091	3
3.6_094	3.6_094	3
3.6_097	3.6_097	2
3.6_098	3.6_098	3
3.6_100	3.6_100	2
3.6_101	3.6_101	2
3.6_102	3.6_102	2
3.6_103	3.6_103	2
3.6_104	3.6_104	2
3.6_105	3.6_105	2
3.6_106	3.6_106	2
3.6_107	3.6_107	1
3.6_108	3.6_108	2
3.6_109	3.6_109	2
3.6_110	3.6_110	2
3.6_112	3.6_112	1
3.6_113	3.6_113	2
3.6_114	3.6_114	2
3.6_115	3.6_115	2
3.6_117	3.6_117	2
3.6_119	3.6_119	1
3.6_120	3.6_120	2
3.6_121	3.6_121	1
3.6_122	3.6_122	2
3.6_123	3.6_123	1
3.6_124	3.6_124	2
3.6_125	3.6_125	1
3.6_126	3.6_126	2
3.6_128	3.6_128	2
3.6_129	3.6_129	1
3.6_130	3.6_130	2
3.6_131	3.6_131	2
3.6_132	3.6_132	2
3.6_133	3.6_133	2
3.6_135	3.6_135	2
3.6_136	3.6_136	2
3.6_138	3.6_138	1
3.6_139	3.6_139	1
3.6_142	3.6_142	2
3.6_143	3.6_143	2
3.6_145	3.6_145	2
3.6_146	3.6_146	2
3.6_148	3.6_148	2
3.6_149	3.6_149	2
3.6_150	3.6_150	1
3.6_151	3.6_151	1
3.6_152	3.6_152	1
3.6_153	3.6_153	1
3.6_154	3.6_154	2
3.6_155	3.6_155	2
3.6_156	3.6_156	2
3.6_157	3.6_157	2
3.6_158	3.6_158	1
3.6_159	3.6_159	1
3.6_160	3.6_160	2
3.6_161	3.6_161	2
3.6_162	3.6_162	2
3.6_163	3.6_163	2
3.6_164	3.6_164	2
3.6_165	3.6_165	2
3.6_167	3.6_167	2
3.6_168	3.6_168	2
3.6_170	3.6_170	2
3.6_171	3.6_171	2
3.6_172	3.6_172	2
3.6_177	3.6_177	2
3.6_178	3.6_178	2
3.6_179	3.6_179	2
3.6_180	3.6_180	2
3.6_181	3.6_181	2
3.6_182	3.6_182	2
3.6_183	3.6_183	2
3.6_186	3.6_186	3
3.6_189	3.6_189	3
3.6_190	3.6_190	2
3.6_192	3.6_192	2
3.6_195	3.6_195	2
3.6_197	3.6_197	2
3.6_198	3.6_198	2
3.6_199	3.6_199	1
3.6_200	3.6_200	1
3.6_202	3.6_202	1
3.6_203	3.6_203	1
3.6_204	3.6_204	1
3.6_205	3.6_205	1
3.6_206	3.6_206	2
3.6_207	3.6_207	1
3.6_209	3.6_209	1
3.6_210	3.6_210	1
3.6_211	3.6_211	2
3.6_212	3.6_212	1
3.6_213	3.6_213	2
3.6_216	3.6_216	1
3.6_218	3.6_218	1
3.6_219	3.6_219	1
3.6_220	3.6_220	2
3.6_221	3.6_221	2
3.6_222	3.6_222	1
3.6_223	3.6_223	3
3.6_224	3.6_224	3
3.6_225	3.6_225	3
3.6_226	3.6_226	1
3.6_228	3.6_228	2
3.6_230	3.6_230	1
3.6_231	3.6_231	2
3.6_232	3.6_232	3
3.6_233	3.6_233	3
3.6_235	3.6_235	2
3.6_236	3.6_236	2
3.6_239	3.6_239	3
3.6_240	3.6_240	1
3.6_241	3.6_241	3
3.6_242	3.6_242	3
3.6_244	3.6_244	1
3.6_245	3.6_245	1
3.6_246	3.6_246	2
3.6_247	3.6_247	2
3.6_248	3.6_248	2
34.3_002	34.3_002	2
34.3_003	34.3_003	1
34.3_004	34.3_004	2
34.3_005	34.3_005	2
34.3_008	34.3_008	2
34.3_009	34.3_009	1
34.3_010	34.3_010	2
34.3_011	34.3_011	1
34.3_012	34.3_012	2
34.3_013	34.3_013	1
34.3_015	34.3_015	2
34.3_016	34.3_016	1
34.3_019	34.3_019	1
34.3_021	34.3_021	1
34.3_022	34.3_022	2
34.3_023	34.3_023	2
34.3_024	34.3_024	2
34.3_026	34.3_026	1
34.3_028	34.3_028	1
34.3_031	34.3_031	2
34.3_032	34.3_032	2
34.3_035	34.3_035	2
34.3_036	34.3_036	2
34.3_037	34.3_037	1
34.3_038	34.3_038	1
34.3_040	34.3_040	1
34.3_041	34.3_041	1
34.3_042	34.3_042	2
34.3_043	34.3_043	1
34.3_046	34.3_046	2
34.3_047	34.3_047	1
34.3_048	34.3_048	1
34.3_049	34.3_049	2
34.3_050	34.3_050	2
34.3_051	34.3_051	2
34.3_052	34.3_052	2
34.3_053	34.3_053	2
34.3_054	34.3_054	2
34.3_055	34.3_055	1
34.3_056	34.3_056	2
34.3_057	34.3_057	1
34.3_058	34.3_058	2
34.3_059	34.3_059	1
34.3_060	34.3_060	1
34.3_061	34.3_061	2
34.3_062	34.3_062	1
34.3_063	34.3_063	1
34.3_065	34.3_065	2
34.3_067	34.3_067	2
34.3_068	34.3_068	2
34.3_069	34.3_069	2
34.3_070	34.3_070	1
34.3_072	34.3_072	2
34.3_073	34.3_073	2
34.3_075	34.3_075	1
34.3_076	34.3_076	2
34.3_077	34.3_077	2
34.3_078	34.3_078	1
34.3_079	34.3_079	2
34.3_080	34.3_080	1
34.3_081	34.3_081	2
34.3_083	34.3_083	2
34.3_084	34.3_084	1
34.3_085	34.3_085	1
34.3_086	34.3_086	2
34.3_087	34.3_087	2
34.3_088	34.3_088	2
34.3_089	34.3_089	1
34.3_090	34.3_090	2
34.3_091	34.3_091	1
34.3_092	34.3_092	1
34.3_093	34.3_093	2
34.3_094	34.3_094	2
34.3_097	34.3_097	1
34.3_099	34.3_099	1
34.3_100	34.3_100	1
34.3_101	34.3_101	2
34.3_103	34.3_103	1
34.3_104	34.3_104	1
34.3_105	34.3_105	2
34.3_106	34.3_106	2
34.3_107	34.3_107	2
34.3_108	34.3_108	2
34.3_109	34.3_109	2
34.3_110	34.3_110	2
34.3_112	34.3_112	2
34.3_113	34.3_113	2
34.3_114	34.3_114	1
34.3_117	34.3_117	1
34.3_120	34.3_120	1
34.3_121	34.3_121	2
34.3_122	34.3_122	2
34.3_124	34.3_124	1
34.3_125	34.3_125	1
34.3_128	34.3_128	2
34.3_130	34.3_130	1
34.3_131	34.3_131	2
34.3_132	34.3_132	1
34.3_133	34.3_133	2
34.3_134	34.3_134	2
34.3_135	34.3_135	2
34.3_136	34.3_136	2
34.3_137	34.3_137	2
34.3_138	34.3_138	1
34.3_139	34.3_139	2
34.3_140	34.3_140	1
34.3_141	34.3_141	2
34.3_142	34.3_142	1
34.3_143	34.3_143	2
34.3_144	34.3_144	2
34.3_145	34.3_145	2
34.3_146	34.3_146	2
34.3_149	34.3_149	1
34.3_150	34.3_150	1
34.3_151	34.3_151	2
34.3_152	34.3_152	2
34.3_153	34.3_153	2
34.3_155	34.3_155	2
34.3_156	34.3_156	2
34.3_157	34.3_157	1
34.3_158	34.3_158	1
34.3_159	34.3_159	2
34.3_160	34.3_160	2
34.3_161	34.3_161	2
34.3_162	34.3_162	2
34.3_163	34.3_163	1
34.3_164	34.3_164	2
34.3_166	34.3_166	2
34.3_167	34.3_167	1
34.3_169	34.3_169	1
34.3_170	34.3_170	2
34.3_171	34.3_171	1
34.3_172	34.3_172	2
34.3_173	34.3_173	2
34.3_175	34.3_175	1
34.3_176	34.3_176	1
34.3_177	34.3_177	2
34.3_178	34.3_178	1
34.3_179	34.3_179	1
34.3_181	34.3_181	2
34.3_182	34.3_182	2
34.3_183	34.3_183	1
34.3_184	34.3_184	1
34.3_185	34.3_185	2
34.3_186	34.3_186	1
34.3_187	34.3_187	2
34.3_188	34.3_188	1
34.3_189	34.3_189	1
34.3_190	34.3_190	2
34.3_191	34.3_191	2
34.3_192	34.3_192	2
34.3_193	34.3_193	2
34.3_194	34.3_194	1
34.3_196	34.3_196	1
34.3_199	34.3_199	2
34.3_200	34.3_200	2
34.3_201	34.3_201	1
34.3_204	34.3_204	1
34.3_207	34.3_207	1
34.3_208	34.3_208	2
34.3_211	34.3_211	1
34.3_212	34.3_212	2
34.3_213	34.3_213	2
34.3_215	34.3_215	2
34.3_216	34.3_216	2
34.3_218	34.3_218	1
34.3_219	34.3_219	2
34.3_220	34.3_220	2
34.3_221	34.3_221	2
34.3_222	34.3_222	2
34.3_223	34.3_223	2
34.3_224	34.3_224	2
34.3_225	34.3_225	2
34.3_226	34.3_226	2
34.3_227	34.3_227	1
34.3_228	34.3_228	2
34.3_229	34.3_229	2
34.3_230	34.3_230	2
34.3_231	34.3_231	2
34.3_232	34.3_232	2
34.3_233	34.3_233	2
34.3_234	34.3_234	2
34.3_235	34.3_235	2
34.3_236	34.3_236	1
34.3_237	34.3_237	1
34.3_238	34.3_238	1
34.3_239	34.3_239	1
34.3_240	34.3_240	1
34.3_241	34.3_241	2
34.3_242	34.3_242	2
34.3_243	34.3_243	1
34.3_244	34.3_244	1
34.3_245	34.3_245	2
34.3_246	34.3_246	2
34.3_247	34.3_247	2
34.3_248	34.3_248	2
34.3_249	34.3_249	2
34.3_250	34.3_250	2
35.4_001	35.4_001	2
35.4_002	35.4_002	2
35.4_003	35.4_003	2
35.4_004	35.4_004	2
35.4_005	35.4_005	2
35.4_006	35.4_006	2
35.4_007	35.4_007	2
35.4_008	35.4_008	2
35.4_009	35.4_009	2
35.4_010	35.4_010	1
35.4_011	35.4_011	1
35.4_012	35.4_012	2
35.4_013	35.4_013	1
35.4_014	35.4_014	2
35.4_015	35.4_015	2
35.4_016	35.4_016	2
35.4_017	35.4_017	1
35.4_018	35.4_018	2
35.4_019	35.4_019	2
35.4_020	35.4_020	1
35.4_021	35.4_021	2
35.4_022	35.4_022	1
35.4_023	35.4_023	2
35.4_024	35.4_024	1
35.4_025	35.4_025	1
35.4_026	35.4_026	1
35.4_027	35.4_027	1
35.4_028	35.4_028	2
35.4_029	35.4_029	1
35.4_030	35.4_030	2
35.4_031	35.4_031	1
35.4_033	35.4_033	2
35.4_034	35.4_034	2
35.4_035	35.4_035	2
35.4_036	35.4_036	2
35.4_037	35.4_037	2
35.4_038	35.4_038	1
35.4_039	35.4_039	2
35.4_040	35.4_040	2
35.4_041	35.4_041	2
35.4_042	35.4_042	2
35.4_043	35.4_043	2
35.4_044	35.4_044	2
35.4_045	35.4_045	2
35.4_047	35.4_047	1
35.4_048	35.4_048	1
35.4_049	35.4_049	1
35.4_050	35.4_050	2
35.4_051	35.4_051	2
35.4_052	35.4_052	1
35.4_053	35.4_053	1
35.4_055	35.4_055	1
35.4_056	35.4_056	1
35.4_057	35.4_057	2
35.4_058	35.4_058	1
35.4_059	35.4_059	1
35.4_060	35.4_060	1
35.4_062	35.4_062	1
35.4_065	35.4_065	2
35.4_066	35.4_066	2
35.4_067	35.4_067	1
35.4_069	35.4_069	2
35.4_070	35.4_070	1
35.4_072	35.4_072	2
35.4_073	35.4_073	1
35.4_074	35.4_074	2
35.4_075	35.4_075	1
35.4_076	35.4_076	2
35.4_077	35.4_077	1
35.4_078	35.4_078	2
35.4_079	35.4_079	2
35.4_080	35.4_080	1
35.4_081	35.4_081	2
35.4_082	35.4_082	2
35.4_083	35.4_083	2
35.4_084	35.4_084	2
35.4_085	35.4_085	1
35.4_086	35.4_086	2
35.4_087	35.4_087	2
35.4_089	35.4_089	1
35.4_090	35.4_090	1
35.4_093	35.4_093	2
35.4_094	35.4_094	2
35.4_095	35.4_095	2
35.4_096	35.4_096	2
35.4_098	35.4_098	1
35.4_099	35.4_099	2
35.4_100	35.4_100	1
35.4_101	35.4_101	1
35.4_102	35.4_102	2
35.4_103	35.4_103	2
35.4_104	35.4_104	2
35.4_105	35.4_105	1
35.4_106	35.4_106	2
35.4_107	35.4_107	2
35.4_108	35.4_108	1
35.4_111	35.4_111	2
35.4_112	35.4_112	2
35.4_113	35.4_113	2
35.4_115	35.4_115	1
35.4_116	35.4_116	2
35.4_117	35.4_117	2
35.4_118	35.4_118	2
35.4_119	35.4_119	2
35.4_120	35.4_120	1
35.4_121	35.4_121	2
35.4_122	35.4_122	2
35.4_123	35.4_123	2
35.4_124	35.4_124	2
35.4_125	35.4_125	1
35.4_126	35.4_126	1
35.4_128	35.4_128	1
35.4_129	35.4_129	2
35.4_131	35.4_131	1
35.4_132	35.4_132	2
35.4_134	35.4_134	2
35.4_135	35.4_135	1
35.4_136	35.4_136	1
35.4_137	35.4_137	1
35.4_138	35.4_138	2
35.4_139	35.4_139	2
35.4_140	35.4_140	2
35.4_141	35.4_141	1
35.4_142	35.4_142	1
35.4_143	35.4_143	2
35.4_144	35.4_144	2
35.4_145	35.4_145	2
35.4_148	35.4_148	1
35.4_149	35.4_149	2
35.4_150	35.4_150	2
35.4_153	35.4_153	2
35.4_154	35.4_154	2
35.4_155	35.4_155	1
35.4_156	35.4_156	1
35.4_157	35.4_157	1
35.4_158	35.4_158	1
35.4_159	35.4_159	1
35.4_160	35.4_160	1
35.4_161	35.4_161	1
35.4_162	35.4_162	2
35.4_163	35.4_163	2
35.4_164	35.4_164	2
35.4_167	35.4_167	2
35.4_168	35.4_168	2
35.4_169	35.4_169	2
35.4_170	35.4_170	1
35.4_171	35.4_171	2
35.4_172	35.4_172	2
35.4_173	35.4_173	1
35.4_174	35.4_174	2
35.4_175	35.4_175	2
35.4_176	35.4_176	2
35.4_178	35.4_178	2
35.4_179	35.4_179	1
35.4_181	35.4_181	2
35.4_182	35.4_182	2
35.4_183	35.4_183	1
35.4_184	35.4_184	2
35.4_185	35.4_185	2
35.4_186	35.4_186	2
35.4_187	35.4_187	1
35.4_188	35.4_188	1
35.4_189	35.4_189	2
35.4_190	35.4_190	2
35.4_191	35.4_191	1
35.4_192	35.4_192	1
35.4_193	35.4_193	2
35.4_194	35.4_194	1
35.4_197	35.4_197	2
35.4_198	35.4_198	2
35.4_199	35.4_199	2
35.4_200	35.4_200	2
35.4_201	35.4_201	1
35.4_202	35.4_202	2
35.4_203	35.4_203	2
35.4_204	35.4_204	3
35.4_205	35.4_205	2
35.4_207	35.4_207	2
35.4_208	35.4_208	2
35.4_209	35.4_209	2
35.4_210	35.4_210	2
35.4_211	35.4_211	2
35.4_212	35.4_212	2
35.4_213	35.4_213	2
35.4_214	35.4_214	2
35.4_215	35.4_215	2
35.4_216	35.4_216	2
35.4_217	35.4_217	2
35.4_218	35.4_218	2
35.4_219	35.4_219	2
35.4_229	35.4_229	1
35.4_230	35.4_230	1
35.4_231	35.4_231	1
35.4_232	35.4_232	1
35.4_233	35.4_233	2
35.4_234	35.4_234	2
35.4_235	35.4_235	2
35.4_236	35.4_236	1
35.4_237	35.4_237	2
35.4_238	35.4_238	2
35.4_240	35.4_240	2
35.4_241	35.4_241	1
35.4_242	35.4_242	2
35.4_243	35.4_243	2
35.4_244	35.4_244	2
35.4_245	35.4_245	2
35.4_246	35.4_246	2
35.4_247	35.4_247	2
35.4_248	35.4_248	2
35.4_249	35.4_249	2
35.4_250	35.4_250	2
43.1_001	43.1_001	2
43.1_002	43.1_002	2
43.1_003	43.1_003	3
43.1_004	43.1_004	2
43.1_005	43.1_005	2
43.1_006	43.1_006	3
43.1_007	43.1_007	2
43.1_008	43.1_008	3
43.1_009	43.1_009	3
43.1_010	43.1_010	2
43.1_011	43.1_011	3
43.1_012	43.1_012	2
43.1_013	43.1_013	2
43.1_014	43.1_014	1
43.1_015	43.1_015	2
43.1_016	43.1_016	3
43.1_017	43.1_017	3
43.1_018	43.1_018	3
43.1_019	43.1_019	2
43.1_020	43.1_020	2
43.1_021	43.1_021	3
43.1_022	43.1_022	3
43.1_023	43.1_023	2
43.1_024	43.1_024	2
43.1_027	43.1_027	1
43.1_028	43.1_028	2
43.1_029	43.1_029	3
43.1_030	43.1_030	3
43.1_031	43.1_031	2
43.1_032	43.1_032	2
43.1_033	43.1_033	2
43.1_034	43.1_034	3
43.1_035	43.1_035	2
43.1_036	43.1_036	3
43.1_037	43.1_037	2
43.1_038	43.1_038	3
43.1_040	43.1_040	3
43.1_041	43.1_041	2
43.1_042	43.1_042	2
43.1_043	43.1_043	1
43.1_044	43.1_044	2
43.1_045	43.1_045	2
43.1_046	43.1_046	2
43.1_047	43.1_047	2
43.1_048	43.1_048	2
43.1_049	43.1_049	2
43.1_050	43.1_050	3
43.1_051	43.1_051	3
43.1_052	43.1_052	1
43.1_053	43.1_053	2
43.1_054	43.1_054	1
43.1_055	43.1_055	1
43.1_056	43.1_056	1
43.1_057	43.1_057	2
43.1_058	43.1_058	2
43.1_059	43.1_059	1
43.1_060	43.1_060	2
43.1_061	43.1_061	3
43.1_062	43.1_062	2
43.1_063	43.1_063	2
43.1_064	43.1_064	2
43.1_065	43.1_065	2
43.1_066	43.1_066	2
43.1_067	43.1_067	2
43.1_068	43.1_068	1
43.1_069	43.1_069	2
43.1_070	43.1_070	2
43.1_071	43.1_071	2
43.1_072	43.1_072	2
43.1_073	43.1_073	3
43.1_075	43.1_075	2
43.1_076	43.1_076	1
43.1_077	43.1_077	2
43.1_078	43.1_078	2
43.1_079	43.1_079	2
43.1_080	43.1_080	2
43.1_081	43.1_081	1
43.1_082	43.1_082	2
43.1_083	43.1_083	2
43.1_084	43.1_084	2
43.1_085	43.1_085	1
43.1_086	43.1_086	1
43.1_087	43.1_087	2
43.1_088	43.1_088	2
43.1_089	43.1_089	4
43.1_090	43.1_090	1
43.1_092	43.1_092	3
43.1_093	43.1_093	1
43.1_094	43.1_094	1
43.1_095	43.1_095	2
43.1_096	43.1_096	1
43.1_097	43.1_097	2
43.1_098	43.1_098	2
43.1_100	43.1_100	1
43.1_101	43.1_101	2
43.1_102	43.1_102	2
43.1_103	43.1_103	3
43.1_104	43.1_104	2
43.1_105	43.1_105	2
43.1_106	43.1_106	3
43.1_107	43.1_107	3
43.1_108	43.1_108	2
43.1_109	43.1_109	2
43.1_110	43.1_110	2
43.1_111	43.1_111	1
43.1_112	43.1_112	1
43.1_113	43.1_113	2
43.1_114	43.1_114	2
43.1_115	43.1_115	2
43.1_116	43.1_116	2
43.1_117	43.1_117	2
43.1_118	43.1_118	3
43.1_120	43.1_120	1
43.1_121	43.1_121	1
43.1_123	43.1_123	3
43.1_124	43.1_124	2
43.1_126	43.1_126	3
43.1_127	43.1_127	4
43.1_128	43.1_128	2
43.1_129	43.1_129	4
43.1_130	43.1_130	2
43.1_131	43.1_131	3
43.1_132	43.1_132	2
43.1_133	43.1_133	3
43.1_134	43.1_134	2
43.1_135	43.1_135	3
43.1_136	43.1_136	2
43.1_137	43.1_137	3
43.1_138	43.1_138	2
43.1_141	43.1_141	3
43.1_142	43.1_142	3
43.1_143	43.1_143	2
43.1_144	43.1_144	3
43.1_145	43.1_145	3
43.1_146	43.1_146	4
43.1_147	43.1_147	3
43.1_148	43.1_148	3
43.1_149	43.1_149	2
43.1_150	43.1_150	3
43.1_151	43.1_151	1
43.1_153	43.1_153	2
43.1_154	43.1_154	2
43.1_155	43.1_155	3
43.1_156	43.1_156	1
43.1_159	43.1_159	3
43.1_161	43.1_161	2
43.1_162	43.1_162	2
43.1_163	43.1_163	1
43.1_164	43.1_164	2
43.1_165	43.1_165	2
43.1_166	43.1_166	2
43.1_167	43.1_167	3
43.1_168	43.1_168	3
43.1_169	43.1_169	2
43.1_172	43.1_172	3
43.1_173	43.1_173	3
43.1_175	43.1_175	2
43.1_176	43.1_176	3
43.1_177	43.1_177	3
43.1_178	43.1_178	2
43.1_179	43.1_179	3
43.1_180	43.1_180	1
43.1_181	43.1_181	3
43.1_182	43.1_182	2
43.1_183	43.1_183	1
43.1_185	43.1_185	1
43.1_186	43.1_186	3
43.1_187	43.1_187	3
43.1_188	43.1_188	2
43.1_191	43.1_191	3
43.1_192	43.1_192	3
43.1_193	43.1_193	3
43.1_194	43.1_194	3
43.1_195	43.1_195	2
43.1_198	43.1_198	2
43.1_199	43.1_199	2
43.1_200	43.1_200	2
43.1_201	43.1_201	3
43.1_203	43.1_203	2
43.1_205	43.1_205	1
43.1_206	43.1_206	3
43.1_207	43.1_207	3
43.1_208	43.1_208	3
43.1_210	43.1_210	2
43.1_211	43.1_211	3
43.1_213	43.1_213	1
43.1_214	43.1_214	2
43.1_217	43.1_217	3
43.1_218	43.1_218	3
43.1_221	43.1_221	3
43.1_222	43.1_222	3
43.1_223	43.1_223	1
43.1_224	43.1_224	1
43.1_225	43.1_225	3
43.1_226	43.1_226	3
43.1_227	43.1_227	2
43.1_228	43.1_228	2
43.1_229	43.1_229	4
43.1_230	43.1_230	1
43.1_231	43.1_231	3
43.1_232	43.1_232	3
43.1_233	43.1_233	3
43.1_234	43.1_234	3
43.1_235	43.1_235	3
43.1_236	43.1_236	2
43.1_237	43.1_237	3
43.1_238	43.1_238	1
43.1_239	43.1_239	3
43.1_240	43.1_240	1
43.1_241	43.1_241	1
43.1_243	43.1_243	1
43.1_244	43.1_244	3
43.1_245	43.1_245	3
43.1_246	43.1_246	1
43.1_247	43.1_247	3
43.1_248	43.1_248	3
43.1_249	43.1_249	2
43.1_250	43.1_250	1
6.4_001	6.4_001	1
6.4_002	6.4_002	1
6.4_003	6.4_003	2
6.4_004	6.4_004	2
6.4_005	6.4_005	2
6.4_006	6.4_006	2
6.4_007	6.4_007	2
6.4_008	6.4_008	2
6.4_009	6.4_009	2
6.4_010	6.4_010	2
6.4_011	6.4_011	2
6.4_012	6.4_012	2
6.4_013	6.4_013	2
6.4_014	6.4_014	1
6.4_015	6.4_015	2
6.4_016	6.4_016	1
6.4_020	6.4_020	1
6.4_021	6.4_021	1
6.4_022	6.4_022	2
6.4_025	6.4_025	2
6.4_026	6.4_026	1
6.4_027	6.4_027	1
6.4_028	6.4_028	2
6.4_029	6.4_029	1
6.4_030	6.4_030	1
6.4_031	6.4_031	1
6.4_032	6.4_032	2
6.4_033	6.4_033	1
6.4_034	6.4_034	2
6.4_035	6.4_035	2
6.4_037	6.4_037	2
6.4_038	6.4_038	1
6.4_039	6.4_039	1
6.4_041	6.4_041	1
6.4_042	6.4_042	2
6.4_043	6.4_043	2
6.4_044	6.4_044	2
6.4_046	6.4_046	2
6.4_047	6.4_047	2
6.4_049	6.4_049	1
6.4_050	6.4_050	2
6.4_051	6.4_051	2
6.4_053	6.4_053	1
6.4_054	6.4_054	1
6.4_056	6.4_056	1
6.4_057	6.4_057	2
6.4_058	6.4_058	2
6.4_059	6.4_059	1
6.4_060	6.4_060	2
6.4_061	6.4_061	1
6.4_062	6.4_062	2
6.4_064	6.4_064	2
6.4_065	6.4_065	2
6.4_066	6.4_066	1
6.4_069	6.4_069	2
6.4_071	6.4_071	1
6.4_072	6.4_072	1
6.4_073	6.4_073	1
6.4_074	6.4_074	1
6.4_075	6.4_075	1
6.4_076	6.4_076	2
6.4_077	6.4_077	2
6.4_078	6.4_078	1
6.4_080	6.4_080	2
6.4_081	6.4_081	1
6.4_082	6.4_082	1
6.4_084	6.4_084	1
6.4_086	6.4_086	2
6.4_087	6.4_087	2
6.4_089	6.4_089	2
6.4_090	6.4_090	2
6.4_091	6.4_091	2
6.4_093	6.4_093	2
6.4_094	6.4_094	1
6.4_095	6.4_095	2
6.4_096	6.4_096	1
6.4_097	6.4_097	2
6.4_098	6.4_098	1
6.4_099	6.4_099	2
6.4_100	6.4_100	2
6.4_102	6.4_102	2
6.4_104	6.4_104	2
6.4_105	6.4_105	2
6.4_106	6.4_106	2
6.4_107	6.4_107	1
6.4_108	6.4_108	1
6.4_109	6.4_109	2
6.4_111	6.4_111	1
6.4_113	6.4_113	2
6.4_114	6.4_114	2
6.4_115	6.4_115	1
6.4_116	6.4_116	2
6.4_117	6.4_117	2
6.4_118	6.4_118	2
6.4_120	6.4_120	2
6.4_121	6.4_121	1
6.4_122	6.4_122	1
6.4_123	6.4_123	1
6.4_124	6.4_124	1
6.4_125	6.4_125	1
6.4_126	6.4_126	1
6.4_127	6.4_127	1
6.4_128	6.4_128	2
6.4_129	6.4_129	2
6.4_130	6.4_130	1
6.4_131	6.4_131	2
6.4_132	6.4_132	2
6.4_133	6.4_133	2
6.4_134	6.4_134	2
6.4_135	6.4_135	1
6.4_136	6.4_136	1
6.4_137	6.4_137	2
6.4_138	6.4_138	2
6.4_139	6.4_139	1
6.4_142	6.4_142	2
6.4_144	6.4_144	2
6.4_146	6.4_146	2
6.4_147	6.4_147	2
6.4_149	6.4_149	2
6.4_151	6.4_151	1
6.4_153	6.4_153	1
6.4_154	6.4_154	2
6.4_156	6.4_156	2
6.4_157	6.4_157	2
6.4_158	6.4_158	1
6.4_159	6.4_159	2
6.4_160	6.4_160	2
6.4_161	6.4_161	1
6.4_162	6.4_162	2
6.4_163	6.4_163	1
6.4_164	6.4_164	2
6.4_165	6.4_165	2
6.4_166	6.4_166	2
6.4_167	6.4_167	1
6.4_168	6.4_168	1
6.4_169	6.4_169	2
6.4_170	6.4_170	1
6.4_171	6.4_171	2
6.4_172	6.4_172	2
6.4_173	6.4_173	2
6.4_174	6.4_174	2
6.4_175	6.4_175	2
6.4_176	6.4_176	2
6.4_177	6.4_177	2
6.4_178	6.4_178	2
6.4_179	6.4_179	2
6.4_180	6.4_180	2
6.4_181	6.4_181	1
6.4_182	6.4_182	1
6.4_183	6.4_183	2
6.4_184	6.4_184	2
6.4_186	6.4_186	1
6.4_187	6.4_187	1
6.4_188	6.4_188	1
6.4_189	6.4_189	2
6.4_190	6.4_190	1
6.4_191	6.4_191	2
6.4_192	6.4_192	2
6.4_193	6.4_193	2
6.4_195	6.4_195	1
6.4_197	6.4_197	2
6.4_198	6.4_198	2
6.4_199	6.4_199	1
6.4_200	6.4_200	1
6.4_201	6.4_201	1
6.4_202	6.4_202	2
6.4_203	6.4_203	1
6.4_204	6.4_204	2
6.4_205	6.4_205	1
6.4_206	6.4_206	2
6.4_207	6.4_207	2
6.4_208	6.4_208	1
6.4_209	6.4_209	1
6.4_211	6.4_211	1
6.4_212	6.4_212	2
6.4_213	6.4_213	4
6.4_214	6.4_214	2
6.4_215	6.4_215	1
6.4_216	6.4_216	2
6.4_218	6.4_218	2
6.4_219	6.4_219	2
6.4_220	6.4_220	1
6.4_221	6.4_221	1
6.4_222	6.4_222	2
6.4_226	6.4_226	2
6.4_227	6.4_227	2
6.4_228	6.4_228	2
6.4_231	6.4_231	1
6.4_232	6.4_232	2
6.4_233	6.4_233	2
9.4_001	9.4_001	2
9.4_002	9.4_002	2
9.4_003	9.4_003	2
9.4_005	9.4_005	3
9.4_006	9.4_006	2
9.4_007	9.4_007	2
9.4_008	9.4_008	3
9.4_009	9.4_009	2
9.4_010	9.4_010	2
9.4_011	9.4_011	1
9.4_012	9.4_012	3
9.4_013	9.4_013	3
9.4_014	9.4_014	3
9.4_015	9.4_015	3
9.4_016	9.4_016	3
9.4_017	9.4_017	3
9.4_018	9.4_018	3
9.4_019	9.4_019	2
9.4_020	9.4_020	1
9.4_021	9.4_021	1
9.4_022	9.4_022	3
9.4_023	9.4_023	1
9.4_024	9.4_024	3
9.4_025	9.4_025	3
9.4_026	9.4_026	3
9.4_028	9.4_028	3
9.4_029	9.4_029	3
9.4_030	9.4_030	2
9.4_031	9.4_031	2
9.4_032	9.4_032	2
9.4_033	9.4_033	2
9.4_034	9.4_034	2
9.4_035	9.4_035	2
9.4_037	9.4_037	2
9.4_038	9.4_038	3
9.4_039	9.4_039	3
9.4_040	9.4_040	2
9.4_041	9.4_041	3
9.4_042	9.4_042	3
9.4_043	9.4_043	3
9.4_044	9.4_044	1
9.4_045	9.4_045	3
9.4_046	9.4_046	1
9.4_047	9.4_047	3
9.4_048	9.4_048	2
9.4_049	9.4_049	3
9.4_050	9.4_050	1
9.4_051	9.4_051	3
9.4_052	9.4_052	2
9.4_053	9.4_053	1
9.4_054	9.4_054	1
9.4_055	9.4_055	3
9.4_056	9.4_056	1
9.4_058	9.4_058	3
9.4_059	9.4_059	2
9.4_060	9.4_060	3
9.4_061	9.4_061	2
9.4_062	9.4_062	3
9.4_063	9.4_063	2
9.4_064	9.4_064	1
9.4_065	9.4_065	2
9.4_066	9.4_066	2
9.4_067	9.4_067	1
9.4_068	9.4_068	3
9.4_069	9.4_069	3
9.4_070	9.4_070	2
9.4_071	9.4_071	3
9.4_072	9.4_072	2
9.4_073	9.4_073	2
9.4_074	9.4_074	2
9.4_075	9.4_075	3
9.4_076	9.4_076	3
9.4_077	9.4_077	1
9.4_078	9.4_078	1
9.4_079	9.4_079	3
9.4_080	9.4_080	2
9.4_081	9.4_081	1
9.4_082	9.4_082	2
9.4_083	9.4_083	2
9.4_084	9.4_084	3
9.4_085	9.4_085	2
9.4_086	9.4_086	3
9.4_087	9.4_087	3
9.4_088	9.4_088	2
9.4_090	9.4_090	3
9.4_092	9.4_092	2
9.4_093	9.4_093	1
9.4_094	9.4_094	2
9.4_096	9.4_096	3
9.4_098	9.4_098	2
9.4_099	9.4_099	2
9.4_100	9.4_100	1
9.4_101	9.4_101	2
9.4_102	9.4_102	1
9.4_103	9.4_103	2
9.4_104	9.4_104	2
9.4_105	9.4_105	2
9.4_106	9.4_106	2
9.4_107	9.4_107	2
9.4_108	9.4_108	3
9.4_109	9.4_109	2
9.4_110	9.4_110	3
9.4_111	9.4_111	2
9.4_112	9.4_112	1
9.4_113	9.4_113	2
9.4_114	9.4_114	2
9.4_115	9.4_115	3
9.4_116	9.4_116	2
9.4_117	9.4_117	3
9.4_118	9.4_118	1
9.4_119	9.4_119	3
9.4_120	9.4_120	1
9.4_121	9.4_121	3
9.4_122	9.4_122	3
9.4_123	9.4_123	3
9.4_124	9.4_124	2
9.4_125	9.4_125	3
9.4_126	9.4_126	1
9.4_127	9.4_127	3
9.4_129	9.4_129	1
9.4_130	9.4_130	3
9.4_131	9.4_131	2
9.4_132	9.4_132	3
9.4_133	9.4_133	1
9.4_134	9.4_134	2
9.4_135	9.4_135	1
9.4_136	9.4_136	3
9.4_137	9.4_137	3
9.4_138	9.4_138	1
9.4_139	9.4_139	3
9.4_140	9.4_140	3
9.4_141	9.4_141	3
9.4_142	9.4_142	3
9.4_143	9.4_143	3
9.4_144	9.4_144	3
9.4_145	9.4_145	3
9.4_146	9.4_146	1
9.4_147	9.4_147	3
9.4_148	9.4_148	3
9.4_149	9.4_149	3
9.4_150	9.4_150	1
9.4_151	9.4_151	2
9.4_152	9.4_152	3
9.4_153	9.4_153	3
9.4_154	9.4_154	3
9.4_155	9.4_155	2
9.4_156	9.4_156	2
9.4_157	9.4_157	1
9.4_158	9.4_158	1
9.4_159	9.4_159	3
9.4_160	9.4_160	3
9.4_161	9.4_161	2
9.4_162	9.4_162	2
9.4_163	9.4_163	3
9.4_164	9.4_164	2
9.4_165	9.4_165	1
9.4_166	9.4_166	3
9.4_167	9.4_167	3
9.4_168	9.4_168	2
9.4_169	9.4_169	3
9.4_170	9.4_170	2
9.4_171	9.4_171	3
9.4_172	9.4_172	3
9.4_173	9.4_173	1
9.4_174	9.4_174	1
9.4_175	9.4_175	3
9.4_176	9.4_176	3
9.4_177	9.4_177	2
9.4_179	9.4_179	2
9.4_180	9.4_180	3
9.4_182	9.4_182	1
9.4_183	9.4_183	2
9.4_184	9.4_184	1
9.4_185	9.4_185	3
9.4_186	9.4_186	3
9.4_187	9.4_187	1
9.4_188	9.4_188	1
9.4_189	9.4_189	1
9.4_190	9.4_190	3
9.4_191	9.4_191	2
9.4_192	9.4_192	1
9.4_193	9.4_193	3
9.4_194	9.4_194	1
9.4_195	9.4_195	2
9.4_196	9.4_196	3
9.4_197	9.4_197	3
9.4_198	9.4_198	3
9.4_199	9.4_199	3
9.4_200	9.4_200	3
9.4_201	9.4_201	3
9.4_202	9.4_202	1
9.4_203	9.4_203	3
9.4_204	9.4_204	3
9.4_205	9.4_205	3
9.4_206	9.4_206	3
9.4_207	9.4_207	2
9.4_208	9.4_208	3
9.4_209	9.4_209	2
9.4_210	9.4_210	2
9.4_211	9.4_211	2
9.4_212	9.4_212	1
9.4_214	9.4_214	1
9.4_215	9.4_215	2
9.4_216	9.4_216	3
9.4_217	9.4_217	2
9.4_218	9.4_218	1
9.4_219	9.4_219	3
9.4_220	9.4_220	2
9.4_221	9.4_221	3
9.4_223	9.4_223	1
9.4_225	9.4_225	3
9.4_226	9.4_226	2
9.4_227	9.4_227	2
9.4_228	9.4_228	3
9.4_229	9.4_229	3
9.4_230	9.4_230	1
9.4_231	9.4_231	2
9.4_232	9.4_232	1
9.4_233	9.4_233	3
9.4_234	9.4_234	2
9.4_235	9.4_235	1
9.4_236	9.4_236	3
9.4_238	9.4_238	3
9.4_239	9.4_239	2
9.4_240	9.4_240	3
9.4_241	9.4_241	3
9.4_242	9.4_242	2
9.4_244	9.4_244	3
9.4_245	9.4_245	3
9.4_246	9.4_246	2
9.4_247	9.4_247	2
9.4_248	9.4_248	3
9.4_249	9.4_249	3
9.4_250	9.4_250	3
Chinese_Amber_2	Chinese_Amber_2	1
Chinese_Amber_3	Chinese_Amber_3	1
Chinese_Amber_4	Chinese_Amber_4	1
Chinese_Amber_5	Chinese_Amber_5	1
Chinese_Amber_6	Chinese_Amber_6	1
Grassl_1	Grassl_1	2
Grassl_2	Grassl_2	2
Grassl_3	Grassl_3	2
Grassl_4	Grassl_4	2
Grassl_5	Grassl_5	2
PI_229841_1	PI_229841_1	1
PI_229841_2	PI_229841_2	1
PI_229841_3	PI_229841_3	1
PI_229841_4	PI_229841_4	1
PI_229841_5	PI_229841_5	1
PI_229841_6	PI_229841_6	1
PI_297130_1	PI_297130_1	3
PI_297130_2	PI_297130_2	3
PI_297130_3	PI_297130_3	3
PI_297130_4	PI_297130_4	3
PI_329311_1	PI_329311_1	4
PI_329311_2	PI_329311_2	4
PI_329311_3	PI_329311_3	4
PI_329311_4	PI_329311_4	4
PI_329311_5	PI_329311_5	4
PI_329311_6	PI_329311_6	4
PI_329311_7	PI_329311_7	4
PI_506069_1	PI_506069_1	4
PI_506069_2	PI_506069_2	4
PI_506069_3	PI_506069_3	4
PI_506069_4	PI_506069_4	4
PI_508366_2	PI_508366_2	3
PI_508366_3	PI_508366_3	3
PI_508366_4	PI_508366_4	3
PI_508366_5	PI_508366_5	3
PI_510757_1	PI_510757_1	3
PI_510757_2	PI_510757_2	3
PI_510757_3	PI_510757_3	3
PI_510757_4	PI_510757_4	3
Rio_2	Rio_2	3
Rio_5	Rio_5	3
Rio_6	Rio_6	3
Leoti_1	Leoti_1	1
Leoti_2	Leoti_2	1
Leoti_3	Leoti_3	1
Leoti_4	Leoti_4	1
Leoti_5	Leoti_5	1
